date	gold	platinum	palladium	silver50
20120111	1667.25	1495.09	648.66	1478.00
20120112	1671.87	1512.93	653.06	1512.50
20120113	1683.17	1527.84	652.90	1518.00
20120114	1667.31	1505.86	641.74	1552.50
20120117	1687.40	1528.78	657.10	1521.50
20120118	1685.56	1547.64	662.26	1516.00
20120119	1680.40	1533.36	658.17	1542.00
20120120	1684.02	1555.49	678.57	1525.50
20120121	1655.76	1515.93	671.96	1548.50
20120124	1687.33	1551.34	684.00	1529.00
20120125	1656.75	1538.62	674.02	1610.50
20120126	1635.72	1528.25	667.50	1575.00
20120127	1672.05	1558.83	679.36	1545.50
20120128	1680.98	1574.58	668.68	1628.00
20120131	1679.63	1562.97	664.82	1634.00
20120201	1693.83	1584.68	676.36	1617.00
20120202	1704.93	1574.91	677.47	1642.50
20120203	1695.92	1571.22	673.52	1640.00
20120204	1710.57	1585.64	690.25	1636.50
20120207	1668.91	1564.91	674.56	1649.00
20120208	1663.79	1569.96	679.06	1621.00
20120209	1663.96	1574.22	673.98	1588.50
20120210	1653.66	1588.77	681.31	1640.00
20120211	1648.70	1583.83	674.66	1624.00
20120214	1659.47	1597.97	675.51	1612.00
20120215	1664.74	1581.56	666.48	1636.50
20120216	1661.18	1572.12	662.35	1613.00
20120217	1666.69	1565.68	659.49	1636.00
20120218	1670.45	1578.83	670.30	1600.00
20120221	1655.94	1577.90	663.52	1603.00
20120222	1663.07	1596.05	671.16	1606.50
20120223	1679.47	1620.37	680.50	1610.50
20120225	1683.90	1625.67	678.86	1635.50
20120228	1652.81	1591.94	664.87	1665.50
20120229	1651.89	1591.62	658.99	1633.00
20120301	1668.53	1611.61	670.03	1661.00
20120302	1620.60	1593.29	662.93	1753.00
20120303	1614.87	1602.15	669.68	1627.50
20120306	1598.95	1567.88	664.82	1658.00
20120307	1595.94	1545.28	651.44	1618.00
20120308	1604.53	1544.93	643.72	1584.00
20120312	1602.71	1571.84	655.33	1608.50
20120313	1626.47	1606.20	673.38	1615.50
20120314	1607.88	1610.96	664.12	1602.00
20120315	1576.99	1597.86	663.24	1593.00
20120316	1566.21	1597.83	663.86	1561.50
20120317	1556.45	1578.16	661.66	1527.00
20120320	1553.97	1570.88	657.66	1516.00
20120321	1545.77	1560.30	653.56	1521.00
20120322	1555.08	1553.20	653.58	1513.00
20120323	1538.23	1520.37	637.48	1503.00
20120324	1560.78	1536.20	618.26	1502.50
20120327	1558.19	1526.24	621.21	1482.00
20120328	1576.54	1545.83	622.61	1500.00
20120329	1568.14	1533.54	611.55	1543.50
20120330	1558.96	1545.07	610.12	1526.50
20120331	1565.96	1549.22	612.90	1499.00
20120403	1570.08	1543.66	618.97	1530.00
20120404	1577.34	1561.56	620.67	1526.50
20120405	1543.88	1539.38	610.27	1559.50
20120406	1535.22	1518.66	605.57	1513.00
20120407	1544.85	1507.91	601.46	1481.00
20120410	1554.04	1516.88	605.04	1489.50
20120411	1566.19	1534.99	616.47	1489.50
20120412	1584.86	1529.28	610.37	1511.50
20120413	1573.83	1515.36	611.28	1507.00
20120414	1582.83	1510.34	614.94	1491.00
20120417	1577.13	1503.21	615.25	1548.50
20120418	1574.10	1497.87	622.21	1492.00
20120419	1561.50	1502.23	626.88	1500.50
20120420	1557.99	1510.55	627.18	1499.50
20120421	1556.58	1496.78	626.43	1493.50
20120424	1547.23	1491.30	633.30	1507.00
20120425	1551.89	1473.53	636.38	1475.50
20120426	1545.88	1459.94	630.13	1453.50
20120427	1551.46	1467.45	626.89	1453.50
20120428	1564.66	1482.36	632.86	1452.00
20120429	1570.40	1484.96	639.11	1470.00
20120503	1560.44	1477.82	637.40	1453.50
20120504	1555.87	1474.88	631.82	1445.50
20120505	1550.40	1453.83	624.63	1444.50
20120506	1575.26	1466.25	635.37	1432.50
20120511	1543.26	1452.02	596.92	1396.00
20120512	1536.39	1425.83	585.11	1421.50
20120513	1535.96	1422.44	587.02	1386.50
20120515	1520.87	1411.89	575.07	1390.50
20120516	1520.22	1410.04	583.13	1381.50
20120517	1531.19	1420.15	590.57	1408.00
20120518	1538.95	1438.48	600.86	1355.50
20120519	1602.73	1471.53	611.62	1386.50
20120522	1593.05	1470.58	618.09	1426.50
20120523	1573.77	1459.16	610.23	1417.50
20120524	1568.84	1435.66	609.38	1416.00
20120525	1584.62	1440.74	599.89	1411.50
20120526	1593.30	1460.05	604.44	1433.50
20120529	1615.73	1472.47	611.91	1445.00
20120530	1623.46	1481.36	625.14	1471.00
20120531	1615.84	1474.21	621.82	1473.50
20120601	1658.91	1494.34	645.57	1464.50
20120602	1684.02	1514.26	653.00	1524.00
20120605	1757.60	1539.81	664.30	1498.00
20120606	1714.26	1501.84	647.92	1461.50
20120607	1721.75	1541.22	656.76	1443.00
20120608	1677.48	1512.14	646.88	1519.50
20120609	1658.71	1493.47	645.17	1541.00
20120610	1651.65	1484.55	642.22	1475.50
20120614	1697.25	1527.02	652.48	1502.00
20120615	1695.68	1555.33	651.46	1512.00
20120616	1689.58	1553.93	662.40	1504.00
20120619	1677.16	1535.11	646.69	1480.50
20120620	1703.27	1554.22	657.88	1487.00
20120621	1692.29	1548.29	656.53	1506.00
20120622	1692.69	1541.41	652.74	1497.50
20120623	1692.47	1545.37	657.37	1502.50
20120626	1673.21	1531.37	649.45	1429.50
20120627	1688.60	1534.75	644.19	1425.00
20120628	1654.93	1487.59	614.99	1448.50
20120629	1660.38	1489.07	614.27	1421.00
20120630	1655.96	1484.51	599.29	1414.50
20120703	1669.39	1508.07	606.58	1416.00
20120704	1679.63	1531.87	608.78	1428.50
20120705	1674.34	1532.48	622.31	1445.50
20120706	1687.92	1552.46	623.28	1467.50
20120707	1669.56	1538.71	609.40	1485.50
20120710	1676.93	1527.37	614.13	1449.00
20120711	1690.46	1525.60	618.09	1444.00
20120712	1663.92	1504.02	611.11	1455.00
20120713	1646.75	1485.28	604.84	1426.00
20120714	1657.97	1497.31	607.96	1400.00
20120717	1661.27	1492.42	607.24	1441.00
20120718	1666.38	1491.91	611.18	1413.00
20120719	1645.55	1476.25	606.34	1428.50
20120720	1629.42	1457.20	600.20	1394.00
20120721	1626.13	1453.55	597.86	1410.00
20120724	1635.79	1451.03	592.28	1409.00
20120725	1650.32	1461.47	591.72	1413.50
20120726	1682.55	1474.28	597.77	1427.00
20120727	1681.28	1469.42	593.64	1421.50
20120728	1676.50	1467.55	593.44	1440.00
20120731	1672.87	1446.75	588.84	1435.00
20120801	1680.26	1469.29	609.87	1431.00
20120802	1678.54	1467.78	612.27	1465.50
20120803	1674.29	1458.80	608.36	1454.00
20120804	1668.46	1456.11	599.39	1434.00
20120807	1650.23	1433.77	591.59	1399.50
20120808	1642.09	1434.41	593.51	1411.00
20120809	1637.34	1431.52	596.04	1426.50
20120810	1632.31	1431.15	595.13	1409.00
20120811	1649.56	1437.79	594.80	1437.00
20120814	1662.26	1434.53	596.36	1428.50
20120815	1649.30	1430.18	589.95	1432.50
20120816	1633.19	1431.70	589.88	1425.50
20120817	1644.62	1433.85	591.80	1417.50
20120818	1655.14	1490.80	601.03	1425.50
20120821	1662.66	1513.15	618.64	1451.50
20120822	1668.75	1523.87	621.67	1443.50
20120823	1677.53	1559.42	646.27	1478.50
20120824	1693.47	1577.86	647.85	1494.00
20120825	1704.35	1570.88	659.65	1550.50
20120828	1708.10	1574.89	658.85	1556.00
20120829	1712.43	1567.79	661.91	1563.00
20120830	1717.26	1568.41	654.19	1589.50
20120831	1720.39	1582.30	657.22	1595.50
20120901	1735.75	1578.95	647.08	1605.00
20120904	1757.21	1608.17	660.78	1590.50
20120905	1751.10	1607.72	657.38	1643.00
20120906	1763.23	1612.42	661.67	1674.00
20120907	1768.72	1635.69	669.80	1661.50
20120908	1745.66	1625.23	663.89	1691.50
20120911	1767.21	1627.74	674.15	1643.00
20120912	1768.47	1630.55	682.46	1716.50
20120913	1763.73	1655.70	686.16	1696.00
20120914	1746.95	1662.66	684.45	1712.50
20120915	1756.24	1678.46	685.65	1635.00
20120918	1737.89	1666.84	675.59	1706.50
20120919	1744.10	1645.07	671.13	1714.00
20120920	1760.80	1627.34	668.80	1690.00
20120921	1786.73	1636.48	673.07	1759.00
20120922	1777.35	1638.32	676.37	1716.00
20120925	1766.86	1615.64	653.09	1742.50
20120926	1770.00	1621.98	647.19	1689.50
20120927	1770.48	1633.20	635.41	1707.00
20120928	1760.42	1639.82	631.86	1699.00
20120929	1770.32	1651.04	634.17	1687.50
20121002	1779.06	1666.01	640.08	1741.00
20121003	1780.30	1676.70	645.65	1719.00
20121004	1782.44	1678.89	649.89	1747.50
20121005	1787.51	1698.96	662.37	1737.00
20121006	1782.57	1706.89	665.23	1740.50
20121009	1767.53	1677.61	651.46	1741.00
20121010	1770.52	1699.78	659.91	1692.50
20121011	1768.57	1682.29	656.06	1699.00
20121012	1770.84	1679.41	653.32	1693.00
20121013	1759.63	1670.01	646.29	1705.50
20121016	1745.88	1641.71	637.50	1688.00
20121017	1728.89	1632.86	633.84	1653.00
20121018	1730.49	1635.69	635.66	1624.00
20121019	1726.42	1645.43	644.94	1631.00
20121020	1714.86	1617.13	630.42	1632.50
20121023	1714.18	1608.84	624.06	1606.50
20121024	1717.75	1588.69	613.27	1609.00
20121025	1719.51	1579.11	602.86	1595.50
20121026	1723.07	1589.45	608.85	1605.00
20121027	1724.52	1569.67	604.19	1623.50
20121030	1730.37	1561.58	601.39	1600.50
20121031	1736.73	1568.99	602.05	1612.50
20121101	1732.96	1579.63	615.31	1613.00
20121102	1737.83	1586.31	620.20	1627.50
20121103	1723.53	1568.91	613.44	1647.50
20121107	1714.38	1568.70	621.20	1566.00
20121108	1741.62	1573.04	622.98	1580.00
20121109	1737.67	1561.37	617.05	1628.00
20121110	1754.63	1584.76	623.78	1605.00
20121113	1763.75	1592.28	618.83	1634.00
20121114	1758.74	1609.09	625.08	1663.50
20121115	1759.05	1625.94	655.88	1661.50
20121116	1756.10	1603.78	647.01	1654.50
20121117	1743.81	1588.80	636.34	1660.50
20121120	1754.51	1589.32	640.41	1643.00
20121121	1752.00	1590.34	647.65	1650.50
20121122	1744.42	1587.08	643.52	1676.50
20121123	1732.48	1583.49	650.02	1653.00
20121124	1736.37	1582.47	654.61	1666.00
20121127	1742.56	1600.70	657.23	1666.00
20121128	1738.12	1610.54	665.50	1695.00
20121129	1743.09	1605.92	659.79	1704.50
20121130	1721.89	1613.56	676.98	1690.00
20121201	1712.00	1601.79	681.53	1672.00
20121204	1703.25	1585.27	676.15	1699.50
20121205	1700.74	1588.39	679.60	1665.00
20121206	1687.67	1577.67	677.84	1650.00
20121207	1682.51	1570.21	678.77	1643.50
20121208	1689.55	1586.01	686.97	1634.50
20121211	1695.60	1605.78	694.71	1630.00
20121212	1690.35	1600.63	690.08	1648.00
20121213	1692.05	1620.42	687.69	1638.50
20121214	1667.50	1591.98	674.97	1628.50
20121215	1673.90	1591.51	684.76	1612.50
20121218	1671.86	1584.80	688.53	1608.50
20121219	1693.07	1603.91	697.35	1604.50
20121220	1656.04	1579.39	681.40	1601.00
20121221	1648.55	1570.42	684.34	1551.00
20121222	1627.90	1530.86	666.66	1537.00
20121225	1646.52	1528.17	676.44	1480.00
20121226	1635.19	1517.65	671.78	1484.50
20121227	1636.39	1518.77	672.27	1486.00
20121228	1622.11	1507.21	681.09	1479.50
20121229	1619.78	1494.05	689.41	1452.50
20121230	1618.56	1491.12	687.46	1472.00
20130110	1627.02	1555.14	668.02	1486.00
20130111	1623.51	1574.70	683.38	1483.50
20130112	1623.89	1581.57	676.01	1483.00
20130115	1622.56	1595.56	682.01	1492.00
20130116	1635.17	1650.74	695.51	1496.00
20130117	1638.51	1619.25	689.64	1521.00
20130118	1642.10	1645.76	702.40	1523.50
20130119	1641.26	1644.18	704.09	1529.50
20130122	1644.23	1627.67	695.97	1549.50
20130123	1643.06	1636.75	696.06	1548.50
20130124	1644.68	1646.38	704.62	1552.00
20130125	1626.39	1636.09	698.27	1563.00
20130126	1613.41	1630.56	701.30	1538.50
20130129	1602.14	1633.32	718.51	1526.00
20130130	1609.67	1620.81	717.35	1496.00
20130131	1608.62	1627.69	727.92	1499.50
20130201	1615.96	1621.27	716.06	1512.50
20130202	1605.75	1612.50	718.49	1544.50
20130205	1601.20	1632.71	727.36	1512.00
20130206	1625.11	1644.48	730.23	1526.00
20130207	1608.59	1666.39	738.80	1541.50
20130208	1618.97	1671.38	734.25	1531.50
20130209	1618.97	1662.84	724.28	1539.00
20130212	1612.99	1660.01	730.62	1528.00
20130213	1592.55	1641.29	732.37	1511.50
20130214	1593.20	1663.77	747.30	1490.50
20130215	1589.76	1669.05	741.69	1500.50
20130216	1577.41	1639.13	736.79	1495.00
20130219	1560.60	1633.00	730.30	1461.50
20130220	1562.88	1641.82	741.97	1453.00
20130221	1547.75	1622.14	736.20	1449.00
20130222	1524.64	1563.03	695.01	1415.00
20130223	1542.21	1579.30	720.35	1401.50
20130226	1553.24	1586.89	728.59	1404.00
20130227	1570.82	1565.66	716.94	1434.50
20130228	1583.51	1586.95	727.52	1415.00
20130301	1560.76	1565.67	726.92	1426.00
20130302	1546.51	1541.58	708.24	1426.00
20130305	1561.94	1559.96	711.68	1386.00
20130306	1563.51	1560.30	714.52	1415.50
20130307	1549.60	1569.29	727.55	1424.00
20130308	1563.19	1580.50	738.82	1421.50
20130312	1559.96	1580.23	761.44	1423.00
20130313	1564.51	1575.88	763.22	1428.50
20130314	1571.92	1571.43	759.54	1444.50
20130315	1568.36	1568.36	754.99	1440.50
20130316	1573.59	1571.36	763.46	1414.50
20130319	1588.56	1565.22	758.28	1435.50
20130320	1588.33	1561.07	749.32	1427.50
20130321	1603.27	1552.03	737.21	1435.00
20130322	1597.83	1571.26	753.85	1435.00
20130323	1602.64	1573.30	750.85	1437.50
20130326	1584.48	1562.47	752.56	1437.00
20130327	1585.43	1558.39	749.41	1423.00
20130328	1578.70	1560.84	752.14	1430.50
20130329	1596.97	1577.54	761.36	1411.50
20130330	1597.22	1574.98	769.50	1431.00
20130402	1598.55	1576.29	770.14	1432.50
20130403	1598.48	1592.73	774.36	1432.50
20130404	1583.04	1575.47	768.05	1411.00
20130405	1575.89	1555.24	762.83	1386.50
20130406	1578.57	1552.39	740.11	1362.50
20130409	1603.16	1563.26	743.01	1370.50
20130410	1577.81	1549.22	736.48	1368.00
20130411	1576.42	1535.05	713.70	1358.00
20130412	1544.64	1514.11	712.87	1377.00
20130413	1539.40	1515.54	717.00	1371.00
20130416	1425.18	1458.39	677.36	1379.00
20130417	1393.40	1448.01	679.51	1190.00
20130418	1384.70	1445.95	678.79	1178.50
20130419	1424.47	1458.12	685.21	1188.50
20130420	1430.23	1455.52	686.79	1189.00
20130423	1446.21	1451.28	686.06	1200.50
20130424	1441.76	1440.49	681.59	1200.50
20130425	1446.86	1451.43	690.67	1168.50
20130426	1456.42	1454.91	680.64	1153.50
20130427	1467.71	1482.51	680.53	1169.50
20130430	1479.71	1500.32	687.35	1207.00
20130501	1469.90	1510.07	697.65	1211.00
20130507	1468.32	1500.05	693.56	1211.50
20130508	1461.84	1488.82	690.45	1211.50
20130509	1453.04	1488.01	685.55	1186.50
20130514	1442.35	1500.11	710.21	1179.00
20130515	1444.55	1512.43	726.05	1189.50
20130516	1426.99	1510.60	729.53	1184.00
20130517	1390.86	1484.80	727.25	1155.00
20130518	1389.57	1485.71	742.85	1123.50
20130521	1364.07	1463.07	741.61	1134.50
20130522	1382.01	1471.47	743.75	1085.50
20130523	1390.79	1470.86	755.01	1126.50
20130524	1402.38	1475.23	744.70	1144.50
20130525	1394.73	1469.99	742.04	1131.00
20130528	1399.14	1464.31	733.66	1126.00
20130529	1391.19	1460.80	739.48	1129.00
20130530	1403.05	1478.55	760.05	1133.00
20130531	1428.21	1484.83	763.75	1135.50
20130601	1441.73	1503.84	771.86	1159.50
20130604	1439.20	1510.55	771.76	1163.00
20130605	1438.27	1523.99	768.65	1148.00
20130606	1435.93	1539.26	776.31	1157.50
20130607	1446.07	1558.18	780.12	1155.50
20130608	1461.51	1592.11	787.76	1172.50
20130611	1430.80	1547.46	783.60	1174.50
20130612	1426.37	1555.00	792.60	1136.00
20130614	1441.66	1522.52	777.90	1132.50
20130615	1410.78	1482.61	748.46	1116.00
20130618	1411.64	1474.79	743.51	1104.50
20130619	1413.02	1463.76	720.60	1121.00
20130620	1410.65	1486.03	732.17	1125.50
20130621	1370.32	1472.04	716.04	1136.50
20130622	1358.27	1434.86	710.59	1065.50
20130625	1357.77	1438.45	708.91	1051.00
20130626	1351.54	1420.95	704.69	1033.50
20130627	1299.50	1398.89	686.23	1045.00
20130628	1302.23	1398.42	680.71	986.50
20130629	1265.36	1393.39	680.40	978.50
20130702	1313.39	1425.88	715.05	996.00
20130703	1335.49	1461.81	726.67	1029.50
20130704	1330.80	1454.70	728.42	1048.00
20130705	1332.13	1431.82	724.97	1042.00
20130706	1316.82	1421.77	718.90	1045.00
20130709	1312.87	1430.18	727.41	1035.00
20130710	1331.73	1455.12	746.70	1019.00
20130711	1325.03	1443.27	739.63	1010.50
20130712	1341.82	1467.81	758.52	1014.50
20130713	1338.10	1467.19	752.49	1041.50
20130716	1343.80	1480.94	761.44	1031.00
20130717	1345.46	1477.29	760.62	1037.00
20130718	1339.95	1480.55	761.66	1041.00
20130719	1333.09	1466.68	759.38	1033.00
20130720	1340.80	1479.46	775.70	1016.00
20130723	1365.28	1489.21	776.30	1009.00
20130724	1378.24	1491.73	764.56	1036.00
20130725	1393.54	1502.73	766.45	1049.50
20130726	1372.49	1504.30	774.12	1067.00
20130727	1393.22	1508.90	777.54	1045.00
20130730	1405.71	1508.44	764.78	1057.50
20130731	1398.20	1518.48	779.33	1062.50
20130801	1414.10	1531.45	782.72	1045.00
20130802	1403.36	1522.36	771.78	1057.00
20130803	1368.19	1517.43	776.81	1049.00
20130806	1385.93	1536.04	774.89	1028.50
20130807	1368.24	1528.16	769.90	1046.50
20130808	1352.65	1506.95	763.55	1049.00
20130809	1363.79	1533.50	770.99	1020.50
20130810	1379.25	1571.00	779.69	1042.00
20130813	1401.94	1584.09	784.64	1074.00
20130814	1417.17	1598.83	787.20	1106.50
20130815	1410.67	1589.50	784.62	1144.00
20130816	1421.19	1611.64	795.74	1140.50
20130817	1441.19	1607.73	798.57	1165.00
20130820	1455.68	1603.61	800.21	1208.50
20130821	1449.05	1596.79	791.50	1232.50
20130822	1441.77	1601.85	787.68	1212.50
20130823	1462.47	1620.94	800.33	1224.00
20130824	1460.75	1635.57	800.25	1226.00
20130827	1459.56	1629.62	796.80	1221.50
20130828	1502.59	1648.48	795.49	1228.00
20130829	1520.66	1635.33	796.87	1295.50
20130830	1500.06	1623.53	788.30	1319.50
20130831	1488.75	1615.15	781.39	1288.50
20130903	1487.36	1632.49	776.15	1263.50
20130904	1492.60	1633.95	771.38	1286.00
20130905	1510.36	1645.12	770.38	1302.50
20130906	1494.07	1604.91	743.95	1272.50
20130907	1470.76	1591.96	738.47	1264.00
20130910	1484.96	1601.74	745.69	1235.00
20130911	1459.37	1569.91	732.34	1256.50
20130912	1446.87	1570.60	743.97	1235.50
20130913	1407.88	1534.73	720.62	1203.50
20130914	1377.11	1507.37	726.32	1193.00
20130917	1364.93	1508.46	731.91	1127.50
20130918	1368.93	1499.61	733.70	1137.00
20130919	1347.45	1477.30	725.69	1139.00
20130920	1384.79	1498.03	729.21	1090.50
20130921	1382.66	1482.39	738.64	1173.50
20130924	1356.05	1469.16	737.66	1166.50
20130925	1346.69	1455.63	729.35	1109.00
20130926	1355.51	1468.20	738.21	1100.50
20130927	1378.34	1481.27	749.94	1121.50
20130928	1374.25	1467.32	748.74	1142.50
20131001	1395.03	1485.11	762.40	1128.50
20131002	1383.35	1460.97	753.85	1125.50
20131003	1343.43	1435.07	740.38	1126.50
20131004	1351.99	1431.52	740.55	1091.50
20131005	1358.18	1419.07	725.53	1113.00
20131008	1361.14	1437.97	723.66	1124.00
20131009	1371.75	1461.05	736.24	1130.50
20131010	1362.48	1455.60	738.73	1160.00
20131011	1350.29	1438.71	730.28	1149.50
20131012	1331.63	1432.35	733.26	1135.50
20131015	1323.70	1426.40	741.73	1116.00
20131016	1302.49	1419.20	733.46	1116.50
20131017	1325.62	1435.29	731.13	1062.50
20131018	1349.65	1456.40	738.52	1099.50
20131019	1348.44	1466.18	755.62	1112.00
20131022	1349.76	1475.91	764.11	1121.50
20131023	1346.80	1463.08	764.91	1134.00
20131024	1360.48	1465.61	759.34	1125.50
20131025	1360.24	1466.87	760.41	1146.50
20131026	1366.51	1469.63	754.67	1154.50
20131029	1381.77	1492.23	758.90	1143.00
20131030	1383.16	1501.53	763.09	1157.50
20131031	1391.06	1512.17	768.97	1150.00
20131101	1375.44	1507.70	765.20	1172.50
20131102	1360.29	1506.43	763.56	1148.50
20131106	1363.84	1508.15	772.80	1136.50
20131107	1374.06	1523.26	789.80	1127.00
20131108	1370.02	1526.18	790.16	1142.00
20131109	1369.79	1525.71	795.29	1138.00
20131112	1348.08	1505.86	791.79	1139.50
20131113	1351.18	1510.46	790.04	1128.50
20131114	1346.35	1515.17	781.86	1113.00
20131115	1348.60	1523.84	775.58	1087.50
20131116	1346.75	1516.17	772.27	1091.50
20131119	1343.84	1502.47	760.13	1080.50
20131120	1333.86	1484.57	751.72	1082.00
20131121	1338.47	1484.26	755.82	1076.00
20131122	1325.35	1486.17	762.19	1074.50
20131123	1313.69	1476.88	760.66	1056.50
20131126	1297.88	1455.14	751.28	1050.00
20131127	1326.53	1469.97	765.74	1045.00
20131128	1327.18	1468.57	768.24	1067.00
20131129	1322.78	1449.81	764.85	1064.00
20131130	1328.85	1458.77	770.47	1054.50
20131203	1318.85	1453.67	764.13	1062.00
20131204	1302.97	1437.65	761.04	1055.50
20131205	1297.23	1446.95	763.58	1025.00
20131206	1313.76	1457.49	772.93	1014.00
20131207	1303.87	1443.98	778.67	1031.00
20131210	1294.65	1434.28	772.47	1027.00
20131211	1313.09	1455.65	777.89	1027.50
20131212	1320.95	1458.55	774.52	1055.00
20131213	1309.40	1453.13	772.90	1073.50
20131214	1292.05	1443.42	765.03	1046.00
20131217	1299.16	1433.89	756.57	1033.00
20131218	1307.30	1438.06	758.65	1030.00
20131219	1306.08	1435.02	750.87	1060.00
20131220	1276.91	1406.95	737.38	1056.50
20131221	1267.09	1404.93	740.11	1025.50
20131224	1263.58	1416.40	742.63	1024.00
20131225	1255.16	1392.06	730.12	1016.00
20131226	1255.94	1392.92	730.58	1018.00
20131227	1256.80	1393.88	731.08	1019.00
20131228	1268.53	1434.01	740.61	1017.50
20131231	1264.30	1434.24	745.01	1048.00
20140101	1261.58	1425.90	746.55	1031.50
20140110	1306.85	1507.25	785.60	1040.50
20140111	1315.55	1517.06	785.76	1043.00
20140114	1326.80	1526.99	787.99	1054.00
20140115	1334.47	1527.09	786.52	1073.50
20140116	1327.66	1517.48	786.62	1087.00
20140117	1328.65	1522.76	792.52	1078.50
20140118	1334.00	1542.53	798.68	1075.00
20140121	1357.19	1585.69	809.07	1082.00
20140122	1356.57	1582.98	811.06	1103.00
20140123	1349.70	1577.83	810.15	1090.50
20140124	1361.46	1588.78	817.37	1087.00
20140125	1387.04	1597.15	818.40	1107.50
20140128	1417.23	1594.66	816.86	1126.50
20140129	1395.42	1580.77	804.86	1104.00
20140130	1394.32	1561.29	796.76	1095.50
20140131	1420.96	1583.00	810.77	1115.00
20140201	1409.87	1564.26	798.53	1097.50
20140204	1412.06	1570.09	802.04	1093.50
20140205	1428.11	1573.99	801.24	1098.00
20140206	1412.82	1553.32	799.14	1087.00
20140207	1405.18	1539.73	793.87	1096.00
20140208	1401.82	1540.89	794.37	1120.50
20140211	1423.36	1552.45	800.26	1110.50
20140212	1435.05	1556.15	806.60	1130.00
20140213	1437.72	1555.62	806.87	1127.00
20140214	1446.12	1563.53	813.71	1132.00
20140215	1483.19	1611.84	831.99	1149.00
20140218	1496.28	1607.99	831.64	1190.00
20140219	1488.69	1611.05	830.45	1226.50
20140220	1508.79	1622.34	844.35	1222.50
20140221	1510.73	1624.86	842.90	1250.50
20140222	1515.20	1627.92	845.51	1238.50
20140225	1521.90	1631.50	843.72	1241.00
20140226	1524.00	1638.64	843.90	1260.50
20140227	1541.78	1655.69	846.83	1250.00
20140228	1542.68	1653.95	849.57	1266.00
20140301	1544.66	1679.90	862.05	1243.50
20140304	1572.22	1698.25	874.85	1244.00
20140305	1564.19	1693.22	872.30	1253.00
20140306	1547.07	1698.47	891.00	1227.00
20140307	1549.66	1713.14	898.96	1238.00
20140308	1571.85	1726.61	904.69	1230.50
20140312	1577.61	1733.27	909.94	1228.50
20140313	1590.39	1710.92	896.22	1246.50
20140314	1606.96	1728.86	908.38	1229.00
20140315	1613.82	1736.33	914.11	1251.00
20140318	1624.93	1738.05	913.21	1258.50
20140319	1596.65	1707.39	899.98	1243.50
20140320	1566.85	1697.23	894.01	1219.00
20140321	1540.52	1669.38	878.22	1204.50
20140322	1566.52	1681.80	908.20	1180.50
20140325	1537.19	1666.25	925.57	1194.50
20140326	1518.83	1655.44	909.74	1167.00
20140327	1498.17	1620.12	893.54	1139.50
20140328	1481.42	1608.40	873.98	1145.50
20140329	1486.70	1610.90	877.74	1129.00
20140401	1481.29	1627.81	889.46	1128.00
20140402	1448.66	1603.49	868.18	1124.50
20140403	1455.24	1619.58	882.89	1122.00
20140404	1469.84	1643.12	894.07	1131.50
20140405	1476.38	1643.59	899.41	1131.50
20140408	1481.27	1635.22	892.87	1136.50
20140409	1502.60	1642.32	885.73	1132.00
20140410	1505.38	1653.94	891.91	1158.00
20140411	1510.76	1656.52	896.28	1137.00
20140412	1508.69	1667.61	902.52	1159.00
20140415	1532.54	1693.95	937.23	1162.50
20140416	1516.43	1675.41	920.38	1141.00
20140417	1506.89	1669.30	925.71	1146.50
20140418	1500.81	1657.62	920.64	1132.00
20140419	1484.24	1641.92	915.22	1121.00
20140422	1489.66	1647.92	918.57	1125.00
20140423	1480.61	1617.40	899.32	1125.50
20140424	1471.63	1609.79	898.91	1118.50
20140425	1472.48	1606.13	900.58	1116.50
20140426	1495.04	1631.06	928.73	1101.00
20140429	1507.99	1653.93	938.15	1138.50
20140430	1480.28	1622.88	914.74	1125.00
20140501	1483.88	1632.03	922.25	1110.00
20140506	1476.28	1641.91	940.21	1104.50
20140507	1499.98	1659.89	933.12	1099.00
20140508	1496.19	1657.11	931.27	1120.50
20140509	1454.44	1618.61	904.48	1106.00
20140513	1463.39	1619.89	908.99	1089.50
20140514	1449.67	1618.15	904.96	1091.00
20140515	1450.97	1635.94	917.29	1084.50
20140516	1454.52	1643.90	919.29	1108.50
20140517	1446.65	1633.67	903.49	1099.00
20140520	1453.08	1651.89	914.74	1079.50
20140521	1436.71	1634.17	908.86	1087.50
20140522	1433.41	1640.88	918.63	1074.50
20140523	1426.71	1627.85	913.67	1064.00
20140524	1425.36	1637.17	921.19	1079.00
20140527	1414.97	1624.78	907.16	1064.00
20140528	1413.08	1622.35	915.26	1069.50
20140529	1402.99	1621.16	932.55	1067.50
20140530	1396.91	1617.47	931.27	1065.00
20140531	1400.42	1627.12	928.03	1052.50
20140603	1396.23	1615.24	935.50	1065.50
20140604	1400.58	1616.43	938.79	1058.50
20140605	1407.69	1605.40	941.10	1066.00
20140606	1396.86	1603.62	935.91	1052.50
20140607	1397.28	1619.02	937.09	1048.00
20140610	1385.20	1602.64	931.56	1050.00
20140611	1385.07	1615.45	932.59	1056.00
20140612	1393.17	1628.77	941.29	1048.50
20140617	1424.41	1595.83	902.38	1088.00
20140618	1415.17	1601.50	907.63	1100.50
20140619	1420.76	1620.05	923.66	1094.50
20140620	1413.85	1604.65	912.06	1088.00
20140621	1449.64	1617.84	917.37	1103.50
20140624	1447.63	1595.87	897.12	1136.50
20140625	1445.40	1600.54	903.51	1133.50
20140626	1430.26	1589.42	899.36	1151.00
20140627	1423.13	1584.26	898.47	1127.50
20140628	1422.11	1593.76	905.00	1126.00
20140701	1428.66	1611.46	917.26	1144.50
20140702	1458.91	1635.25	929.87	1148.50
20140703	1460.95	1661.63	940.38	1160.50
20140704	1453.94	1655.68	941.08	1156.50
20140705	1458.31	1655.29	949.03	1158.50
20140708	1459.57	1664.91	960.27	1173.50
20140709	1459.06	1652.47	960.71	1159.50
20140710	1448.88	1642.25	954.23	1154.50
20140711	1461.23	1643.71	949.68	1149.50
20140712	1463.46	1650.16	949.36	1177.00
20140715	1457.61	1652.60	961.99	1181.50
20140716	1449.88	1653.22	963.64	1167.50
20140717	1434.40	1637.26	960.69	1157.00
20140718	1457.57	1669.31	986.82	1158.00
20140719	1481.25	1683.32	991.45	1174.50
20140722	1481.00	1683.23	995.04	1181.00
20140723	1472.36	1671.75	980.07	1179.00
20140724	1463.31	1661.97	977.04	1164.50
20140725	1466.14	1660.13	981.19	1180.00
20140726	1456.64	1657.81	986.12	1174.50
20140729	1482.99	1687.54	1005.70	1162.50
20140730	1497.94	1704.74	1013.91	1181.50
20140731	1490.38	1703.45	1011.96	1185.50
20140801	1475.71	1681.97	1002.80	1170.50
20140802	1475.45	1678.19	1001.63	1188.50
20140805	1483.01	1681.93	996.32	1166.00
20140806	1487.90	1683.85	984.07	1171.00
20140807	1495.91	1689.21	983.34	1172.50
20140808	1517.42	1708.55	996.46	1152.50
20140809	1543.80	1735.39	1005.38	1176.00
20140812	1516.20	1703.66	996.70	1166.50
20140813	1521.14	1706.78	1015.25	1151.50
20140814	1524.71	1711.92	1021.33	1169.00
20140815	1523.69	1705.60	1020.81	1153.00
20140816	1520.45	1689.91	1024.36	1149.50
20140819	1509.07	1684.27	1042.53	1150.50
20140820	1509.52	1679.88	1039.04	1137.00
20140821	1507.61	1667.75	1013.23	1145.00
20140822	1495.74	1663.36	1016.24	1134.00
20140823	1482.77	1647.14	1020.93	1123.00
20140826	1483.25	1644.38	1025.42	1131.50
20140827	1494.65	1652.07	1029.35	1132.00
20140828	1493.06	1651.08	1030.62	1132.50
20140829	1503.41	1663.32	1047.02	1127.50
20140830	1526.67	1690.83	1062.70	1172.50
20140902	1543.47	1707.44	1089.93	1167.50
20140903	1534.28	1702.69	1081.89	1170.00
20140904	1521.96	1686.93	1051.03	1152.00
20140905	1503.93	1670.78	1043.64	1130.00
20140906	1500.45	1667.83	1052.93	1140.00
20140909	1511.02	1681.23	1065.97	1140.50
20140910	1495.16	1660.63	1048.76	1142.00
20140911	1498.85	1655.10	1022.94	1135.50
20140912	1498.47	1654.68	1019.01	1142.00
20140913	1497.84	1651.28	1003.60	1132.00
20140916	1507.98	1674.38	1031.98	1138.00
20140917	1541.52	1703.61	1044.07	1160.00
20140918	1525.47	1685.23	1041.24	1156.50
20140919	1510.72	1667.60	1025.27	1150.50
20140920	1509.81	1663.57	1021.36	1142.50
20140923	1505.74	1650.86	1000.94	1144.00
20140924	1522.89	1669.59	1014.43	1102.50
20140925	1510.47	1647.44	1015.62	1105.50
20140926	1490.60	1605.74	986.35	1093.50
20140927	1521.72	1635.95	1002.24	1090.50
20140930	1542.05	1650.00	995.32	1110.50
20141001	1532.12	1654.94	995.24	1113.00
20141002	1540.97	1624.49	980.56	1091.00
20141003	1544.21	1626.22	994.30	1083.50
20141004	1541.16	1591.57	982.77	1090.50
20141007	1533.86	1564.39	966.66	1090.50
20141008	1542.85	1615.04	983.85	1087.50
20141009	1568.25	1641.52	1020.64	1116.00
20141010	1577.81	1650.44	1033.45	1115.00
20141011	1580.20	1635.47	1022.65	1140.50
20141014	1592.08	1638.75	1021.63	1119.00
20141015	1606.70	1657.52	1029.43	1134.50
20141016	1610.50	1646.69	1026.72	1152.00
20141017	1625.71	1642.74	996.91	1114.00
20141018	1633.70	1660.09	995.00	1152.00
20141021	1631.13	1666.62	991.03	1141.00
20141022	1652.05	1680.09	1007.00	1147.00
20141023	1642.12	1676.70	1018.14	1143.50
20141024	1654.98	1680.99	1020.60	1158.00
20141025	1655.75	1685.66	1057.91	1147.50
20141028	1659.59	1693.98	1053.34	1159.00
20141029	1674.08	1714.63	1072.66	1171.00
20141030	1683.97	1741.56	1091.56	1178.00
20141031	1682.21	1748.13	1100.78	1200.00
20141101	1582.87	1662.13	1050.97	1132.00
20141106	1634.81	1712.96	1089.16	1150.50
20141107	1662.66	1757.82	1104.08	1113.00
20141108	1762.49	1839.46	1160.63	1176.00
20141111	1729.26	1786.81	1136.12	1137.50
20141112	1700.85	1766.96	1124.29	1157.50
20141113	1733.01	1790.74	1153.10	1160.00
20141114	1721.64	1782.44	1147.76	1158.00
20141115	1758.33	1817.76	1168.67	1199.00
20141118	1806.36	1833.75	1162.65	1168.00
20141119	1815.54	1821.58	1166.05	1223.50
20141120	1815.57	1823.51	1167.29	1230.00
20141121	1792.90	1798.90	1151.72	1221.00
20141122	1756.78	1790.27	1143.95	1192.50
20141125	1722.09	1756.65	1136.06	1173.50
20141126	1738.46	1759.79	1149.57	1180.50
20141127	1784.75	1822.44	1186.60	1243.50
20141128	1833.51	1871.06	1227.45	1272.50
20141129	1878.31	1925.09	1274.93	1302.00
20141202	1963.36	1995.42	1339.16	1330.00
20141203	1953.77	1989.68	1304.14	1283.50
20141204	2103.79	2140.07	1416.22	1412.50
20141205	2039.73	2093.94	1353.61	1380.50
20141206	2056.67	2110.45	1367.70	1402.00
20141209	2048.52	2111.51	1379.68	1399.50
20141210	2102.86	2147.30	1399.58	1417.00
20141211	2143.30	2181.26	1422.18	1428.50
20141212	2148.32	2180.91	1439.26	1502.50
20141213	2237.92	2266.27	1494.39	1553.00
20141216	2271.21	2288.56	1525.08	1601.00
20141217	2357.79	2390.72	1574.81	1656.50
20141218	2613.03	2617.39	1712.96	1775.00
20141219	2320.13	2303.36	1504.28	1528.00
20141220	2336.31	2339.23	1545.18	1568.50
20141223	2170.96	2177.77	1463.96	1440.50
20141224	2069.34	2084.25	1421.08	1411.50
20141225	2062.03	2100.57	1417.32	1376.00
20141226	1991.06	2013.05	1368.54	1334.00
20141227	1969.05	1990.80	1353.41	1319.00
20141230	2175.83	2215.92	1481.53	1437.00
20141231	2146.08	2183.16	1465.09	1447.00
20150101	2168.34	2187.78	1442.85	1427.50
20150113	2464.80	2489.00	1623.70	1638.00
20150114	2582.98	2591.32	1688.63	1722.00
20150115	2611.23	2613.88	1676.71	1806.50
20150116	2574.82	2578.47	1607.11	1734.50
20150117	2636.52	2633.90	1619.73	1793.50
20150120	2664.44	2642.50	1589.68	1767.00
20150121	2699.97	2649.30	1604.62	1844.00
20150122	2735.75	2699.92	1639.76	1876.00
20150123	2706.12	2685.09	1608.53	1915.50
20150124	2636.32	2602.69	1579.55	1842.50
20150127	2705.17	2638.21	1617.51	1922.00
20150128	2788.62	2740.65	1707.18	1943.50
20150129	2778.56	2726.74	1699.09	1929.00
20150130	2818.51	2746.69	1745.69	1990.00
20150131	2800.07	2725.83	1735.22	1931.50
20150203	2854.00	2745.93	1726.85	1895.00
20150204	2791.22	2695.35	1730.08	1876.00
20150205	2670.72	2600.75	1653.88	1850.50
20150206	2787.71	2730.91	1742.66	1918.00
20150207	2683.90	2664.79	1685.93	1805.00
20150210	2627.27	2590.79	1655.99	1821.00
20150211	2603.90	2560.77	1639.14	1785.50
20150212	2623.99	2565.58	1635.35	1784.00
20150213	2603.83	2554.42	1646.99	1801.00
20150214	2564.97	2511.08	1628.02	1767.00
20150217	2485.09	2439.76	1581.51	1698.50
20150218	2468.18	2416.16	1579.80	1744.50
20150219	2420.49	2355.29	1568.85	1687.00
20150220	2432.51	2357.11	1550.10	1640.00
20150221	2388.29	2296.01	1545.89	1660.00
20150225	2441.02	2364.45	1598.76	1654.00
20150226	2427.88	2356.44	1617.92	1642.00
20150227	2381.32	2320.81	1590.80	1611.50
20150228	2373.77	2310.73	1585.80	1656.50
20150303	2434.20	2364.68	1632.47	1653.50
20150304	2421.63	2378.02	1654.19	1667.00
20150305	2395.63	2347.39	1643.17	1633.00
20150306	2385.56	2350.27	1650.36	1622.50
20150307	2307.86	2270.25	1587.44	1561.50
20150311	2264.44	2213.73	1570.09	1552.50
20150312	2335.11	2269.11	1616.19	1590.00
20150313	2275.92	2204.88	1560.07	1532.50
20150314	2279.90	2209.91	1567.24	1545.50
20150317	2311.87	2227.95	1574.55	1548.50
20150318	2292.57	2195.79	1542.61	1546.50
20150319	2266.28	2155.82	1510.85	1534.50
20150320	2239.07	2152.51	1488.87	1488.00
20150321	2261.64	2165.62	1488.14	1532.50
20150324	2257.90	2171.13	1481.18	1545.00
20150325	2254.68	2159.73	1460.61	1580.50
20150326	2200.33	2103.37	1417.01	1565.50
20150327	2194.06	2099.00	1398.73	1536.50
20150328	2223.48	2117.69	1410.56	1589.50
20150331	2231.92	2122.15	1400.35	1565.00
20150401	2185.73	2077.76	1360.46	1538.50
20150402	2216.16	2131.26	1384.57	1553.50
20150403	2201.48	2116.28	1368.71	1543.00
20150404	2186.86	2105.66	1370.32	1536.50
20150407	2177.71	2096.86	1364.59	1530.00
20150408	2149.91	2076.08	1375.16	1499.50
20150409	2103.69	2035.77	1335.76	1462.50
20150410	2020.37	1959.56	1275.40	1377.00
20150411	1973.36	1916.06	1259.31	1358.50
20150414	2018.86	1950.01	1317.99	1371.00
20150415	1990.95	1916.67	1264.97	1343.50
20150416	1931.98	1862.40	1235.65	1313.50
20150417	1923.85	1862.20	1228.16	1315.00
20150418	1956.86	1890.99	1267.16	1329.00
20150421	1993.10	1933.05	1287.04	1332.50
20150422	2078.33	1995.55	1343.09	1395.00
20150423	2074.22	1966.57	1324.85	1384.50
20150424	1970.49	1874.68	1259.19	1315.50
20150425	1925.90	1831.96	1247.16	1278.50
20150428	1957.17	1846.72	1270.86	1310.50
20150429	2020.29	1918.72	1299.89	1372.00
20150430	2002.72	1916.62	1286.61	1369.50
20150501	1980.05	1897.35	1284.08	1358.00
20150506	1975.88	1902.00	1301.28	1366.00
20150507	1914.27	1836.74	1269.49	1318.50
20150508	1915.46	1839.36	1279.14	1323.50
20150509	1933.95	1856.86	1284.14	1330.50
20150513	1938.85	1846.45	1286.62	1347.00
20150514	1900.02	1804.46	1253.41	1326.00
20150515	1955.78	1849.92	1260.65	1400.50
20150516	1955.70	1858.74	1258.99	1387.00
20150519	1943.40	1845.05	1251.66	1400.50
20150520	1928.39	1838.82	1239.58	1375.50
20150521	1931.82	1844.17	1256.66	1366.50
20150522	1941.38	1856.96	1248.67	1378.50
20150523	1938.55	1853.71	1250.22	1380.50
20150526	1930.26	1832.32	1232.77	1382.50
20150527	1931.77	1836.31	1265.20	1358.00
20150528	1948.38	1850.21	1287.60	1366.50
20150529	1999.68	1889.65	1324.77	1402.00
20150530	2027.34	1897.23	1330.10	1419.50
20150602	2016.32	1879.95	1319.53	1410.50
20150603	2042.48	1898.58	1328.15	1434.50
20150604	2024.20	1895.24	1306.71	1416.00
20150605	2090.56	1957.17	1343.68	1456.00
20150606	2126.45	1987.39	1368.93	1460.50
20150609	2114.28	1976.62	1349.58	1447.00
20150610	2122.90	2002.47	1348.16	1449.50
20150611	2090.40	1961.73	1316.64	1421.50
20150612	2069.57	1944.22	1299.07	1391.00
20150616	2093.64	1931.49	1302.47	1415.50
20150617	2053.84	1890.35	1285.72	1392.50
20150618	2042.25	1861.16	1265.03	1384.50
20150619	2054.09	1872.34	1243.09	1392.50
20150620	2072.47	1869.84	1241.94	1394.00
20150623	2055.42	1845.87	1205.33	1394.00
20150624	2062.38	1870.06	1223.47	1391.00
20150625	2044.09	1860.24	1222.19	1381.50
20150626	2062.03	1887.18	1220.08	1384.00
20150627	2069.60	1897.96	1191.29	1395.00
20150630	2100.21	1919.02	1197.83	1413.00
20150701	2109.52	1944.35	1202.88	1409.50
20150702	2089.82	1935.18	1225.32	1394.00
20150703	2083.36	1930.72	1248.98	1396.50
20150704	2088.52	1941.48	1235.33	1398.00
20150707	2111.55	1929.74	1216.97	1413.50
20150708	2145.48	1946.34	1249.11	1436.00
20150709	2123.34	1867.17	1166.29	1379.00
20150710	2128.92	1901.57	1203.60	1409.00
20150711	2117.82	1882.06	1184.26	1407.50
20150714	2101.99	1872.76	1182.99	1406.00
20150715	2112.51	1883.16	1201.70	1399.50
20150716	2103.72	1869.16	1191.45	1394.50
20150717	2096.67	1843.81	1166.34	1367.00
20150718	2088.86	1834.83	1144.03	1371.50
20150721	2037.37	1796.18	1116.44	1356.00
20150722	2030.60	1807.01	1132.59	1351.50
20150723	2010.80	1774.67	1134.84	1355.00
20150724	2031.55	1831.19	1174.69	1372.00
20150725	2022.22	1824.89	1162.48	1352.00
20150728	2076.21	1861.52	1183.06	1388.00
20150729	2121.32	1897.49	1194.65	1407.50
20150730	2107.44	1896.56	1202.88	1403.50
20150731	2059.03	1868.14	1177.78	1388.50
20150801	2095.47	1897.48	1187.38	1412.50
20150804	2195.16	1962.19	1231.14	1479.00
20150805	2210.18	1931.84	1203.61	1470.50
20150806	2190.86	1915.62	1201.80	1464.00
20150807	2227.82	1950.62	1229.92	1498.00
20150808	2239.99	1956.03	1235.60	1513.50
20150811	2270.23	2003.14	1248.34	1543.00
20150812	2262.39	2020.05	1255.92	1555.50
20150813	2334.49	2069.44	1254.20	1605.50
20150814	2299.07	2039.09	1267.49	1577.00
20150815	2331.49	2071.05	1294.40	1623.00
20150818	2353.01	2095.45	1301.50	1603.50
20150819	2368.62	2103.75	1276.22	1611.50
20150820	2373.34	2100.34	1253.02	1568.00
20150821	2449.82	2187.28	1319.69	1668.50
20150822	2517.26	2247.10	1327.24	1693.00
20150825	2623.69	2270.00	1339.71	1699.00
20150826	2595.70	2210.59	1234.60	1672.00
20150827	2528.01	2181.70	1201.16	1605.50
20150828	2447.13	2144.63	1181.82	1547.00
20150829	2405.55	2135.18	1203.31	1543.00
20150901	2434.51	2151.38	1229.05	1548.50
20150902	2399.17	2117.84	1237.51	1542.00
20150903	2443.78	2160.82	1224.03	1560.50
20150904	2434.61	2180.28	1264.65	1584.50
20150905	2448.14	2189.18	1262.15	1598.50
20150908	2468.32	2179.87	1279.30	1601.00
20150909	2479.04	2196.27	1298.30	1618.00
20150910	2439.98	2178.44	1280.54	1605.50
20150911	2439.49	2175.77	1286.08	1621.00
20150912	2419.09	2134.07	1274.76	1594.00
20150915	2420.84	2088.74	1289.07	1576.50
20150916	2386.95	2057.68	1260.95	1549.00
20150917	2352.24	2034.83	1265.41	1538.00
20150918	2349.73	2027.89	1275.58	1551.00
20150919	2397.55	2061.98	1285.31	1610.50
20150922	2417.65	2084.09	1278.10	1614.00
20150923	2402.66	2050.97	1291.43	1589.50
20150924	2387.82	2000.12	1318.55	1571.00
20150925	2426.03	2014.48	1375.06	1581.50
20150926	2418.64	1993.18	1391.43	1582.50
20150929	2397.15	1951.44	1380.34	1549.00
20150930	2394.90	1925.12	1362.92	1550.50
20151001	2372.37	1952.85	1409.69	1548.00
20151002	2329.66	1906.88	1377.89	1521.00
20151003	2345.43	1905.94	1458.60	1529.50
20151006	2393.35	1945.31	1495.91	1609.00
20151007	2379.41	1923.37	1460.84	1640.00
20151008	2314.22	1893.07	1419.30	1594.50
20151009	2289.81	1868.62	1387.94	1563.00
20151010	2269.30	1917.52	1393.31	1575.50
20151013	2288.97	1938.60	1401.85	1569.00
20151014	2309.42	1964.53	1376.37	1561.50
20151015	2382.03	2013.27	1394.27	1607.50
20151016	2368.08	2007.17	1402.82	1619.00
20151017	2320.62	1966.81	1376.96	1582.00
20151020	2314.48	1997.13	1366.98	1566.50
20151021	2345.70	2016.54	1365.01	1585.00
20151022	2364.81	2039.81	1379.34	1585.50
20151023	2354.72	2018.71	1356.57	1591.50
20151024	2332.61	2012.95	1389.75	1591.00
20151027	2348.15	1981.41	1368.50	1605.50
20151028	2379.98	2019.13	1386.24	1643.50
20151029	2460.10	2093.65	1423.77	1659.00
20151030	2391.09	2054.81	1386.38	1653.50
20151031	2375.47	2057.26	1409.45	1637.00
20151103	2329.75	1997.86	1351.74	1603.00
20151104	2321.63	1993.37	1322.07	1580.50
20151106	2257.04	1940.49	1245.42	1555.00
20151107	2267.97	1949.18	1248.95	1537.50
20151110	2277.63	1945.84	1259.80	1567.50
20151111	2261.71	1885.96	1265.93	1530.00
20151112	2259.88	1868.35	1243.49	1510.50
20151113	2288.74	1860.29	1224.76	1519.50
20151114	2321.76	1878.83	1191.14	1541.50
20151117	2338.68	1848.30	1155.99	1537.50
20151118	2275.33	1825.23	1153.66	1511.50
20151119	2229.50	1772.36	1137.14	1484.00
20151120	2239.53	1792.71	1122.79	1478.50
20151121	2263.11	1801.90	1136.61	1482.00
20151124	2253.15	1786.32	1155.73	1507.00
20151125	2263.78	1772.20	1132.94	1474.50
20151126	2257.19	1768.36	1141.02	1488.50
20151127	2260.66	1797.12	1163.59	1485.50
20151128	2267.32	1805.94	1181.95	1521.50
20151201	2265.05	1778.74	1175.81	1514.00
20151202	2277.78	1793.68	1169.51	1499.50
20151203	2289.30	1808.86	1154.41	1524.50
20151204	2289.07	1806.25	1150.42	1540.50
20151205	2312.70	1853.64	1179.19	1515.50
20151208	2385.00	1925.27	1226.97	1556.50
20151209	2388.00	1922.88	1227.70	1614.50
20151210	2399.26	1886.66	1210.31	1584.00
20151211	2385.54	1913.77	1232.82	1588.00
20151212	2373.50	1901.56	1209.88	1575.50
20151215	2411.29	1903.30	1239.51	1571.50
20151216	2434.69	1931.08	1263.86	1561.00
20151217	2412.27	1957.88	1281.11	1555.00
20151218	2418.65	1956.07	1268.49	1559.00
20151219	2419.73	1930.74	1252.00	1614.50
20151222	2453.91	1988.51	1278.33	1583.00
20151223	2462.66	2007.63	1273.63	1623.50
20151224	2443.62	1995.49	1274.83	1624.00
20151225	2395.70	1953.39	1238.19	1601.50
20151226	2421.64	1974.54	1251.60	1604.00
20151229	2439.47	1989.08	1260.81	1616.00
20151230	2487.91	2058.40	1286.79	1655.00
20151231	2502.10	2080.79	1298.15	1632.00
20160101	2490.71	2044.62	1282.58	1620.00
20160112	2697.53	2126.87	1186.75	1714.00
20160113	2696.48	2061.43	1145.24	1720.50
20160114	2658.20	2066.50	1186.83	1705.50
20160115	2683.54	2081.39	1188.31	1701.50
20160116	2661.26	2050.53	1191.42	1725.50
20160119	2758.00	2089.14	1239.32	1745.00
20160120	2742.92	2094.41	1256.65	1751.00
20160121	2792.84	2100.00	1246.71	1792.00
20160122	2947.67	2195.70	1324.95	1888.00
20160123	2843.38	2134.51	1305.58	1814.50
20160126	2760.59	2103.52	1235.60	1772.00
20160127	2932.99	2268.09	1291.92	1871.00
20160128	2835.69	2217.25	1254.66	1820.00
20160129	2783.42	2198.88	1243.71	1788.50
20160130	2689.71	2088.15	1191.50	1641.00
20160202	2753.33	2122.67	1214.70	1727.50
20160203	2815.09	2154.66	1245.19	1795.00
20160204	2879.52	2196.59	1269.03	1817.00
20160205	2817.80	2187.86	1243.89	1771.00
20160206	2880.69	2265.26	1285.55	1832.50
20160209	2899.65	2238.86	1233.10	1842.00
20160210	3007.48	2339.91	1302.76	1889.50
20160211	3008.35	2343.84	1304.11	1950.00
20160212	3111.44	2388.43	1330.30	1923.00
20160213	3167.94	2433.15	1331.58	2000.00
20160216	3021.92	2340.62	1297.84	1955.50
20160217	2971.01	2296.90	1250.18	1870.50
20160218	3009.54	2342.76	1279.00	1921.00
20160219	2921.89	2285.30	1244.54	1850.00
20160220	2999.04	2305.44	1230.06	1872.00
20160221	3053.09	2333.56	1257.29	1906.00
20160225	3026.51	2298.89	1223.13	1868.00
20160226	3034.25	2308.72	1205.94	1881.50
20160227	2971.89	2225.90	1170.89	1830.00
20160301	3011.60	2245.00	1198.15	1851.00
20160302	2952.29	2233.26	1197.58	1756.00
20160303	2910.01	2220.36	1226.17	1774.00
20160304	2947.77	2221.60	1227.10	1759.00
20160305	2991.79	2256.49	1272.95	1761.00
20160310	2927.93	2275.80	1293.81	1822.00
20160311	2850.82	2237.69	1284.55	1745.00
20160312	2853.20	2206.16	1286.17	1726.00
20160315	2834.16	2185.59	1296.92	1748.00
20160316	2797.73	2159.08	1267.78	1769.00
20160317	2815.81	2208.17	1294.76	1749.00
20160318	2798.51	2166.77	1289.48	1685.00
20160319	2758.89	2148.61	1301.92	1729.50
20160322	2752.59	2137.03	1296.38	1763.00
20160323	2727.75	2137.66	1300.90	1722.50
20160324	2679.67	2142.08	1296.12	1728.00
20160325	2695.94	2109.86	1278.77	1726.50
20160326	2686.47	2105.61	1269.53	1681.00
20160329	2660.80	2085.49	1257.40	1665.00
20160330	2688.99	2088.94	1255.58	1664.50
20160331	2691.39	2108.42	1254.19	1671.50
20160401	2691.21	2116.15	1243.51	1677.50
20160402	2659.65	2119.78	1236.90	1660.00
20160405	2682.67	2095.35	1234.25	1651.50
20160406	2727.61	2115.20	1235.90	1682.00
20160407	2700.35	2106.08	1218.27	1660.00
20160408	2697.37	2059.81	1172.67	1658.50
20160409	2678.82	2073.65	1175.65	1644.00
20160412	2691.71	2097.69	1174.02	1679.00
20160413	2685.95	2126.66	1181.71	1702.00
20160414	2634.05	2101.74	1158.71	1689.50
20160415	2651.61	2118.63	1156.59	1724.00
20160416	2611.25	2097.92	1193.35	1717.00
20160419	2716.76	2155.50	1231.40	1778.00
20160420	2620.75	2089.51	1205.16	1754.00
20160421	2649.12	2140.10	1235.65	1801.50
20160422	2629.26	2144.97	1241.82	1810.50
20160423	2651.47	2195.01	1292.31	1830.00
20160426	2636.71	2159.32	1289.60	1806.00
20160427	2637.64	2160.11	1277.69	1811.00
20160428	2607.75	2128.52	1261.19	1816.50
20160429	2630.62	2160.43	1274.90	1816.00
20160430	2636.13	2192.47	1290.66	1846.50
20160505	2723.80	2246.61	1282.87	1827.50
20160506	2702.64	2239.22	1275.32	1841.00
20160507	2724.56	2257.96	1276.89	1842.00
20160511	2697.27	2230.58	1243.24	1817.00
20160512	2708.62	2253.28	1269.33	1864.50
20160513	2648.89	2209.67	1259.39	1799.50
20160514	2661.96	2202.38	1242.10	1784.00
20160517	2672.48	2196.82	1241.32	1806.50
20160518	2634.40	2177.87	1219.61	1771.50
20160519	2658.54	2173.44	1211.19	1783.50
20160520	2668.90	2169.18	1217.63	1767.00
20160521	2681.48	2174.63	1197.22	1767.00
20160524	2695.39	2192.27	1189.91	1758.00
20160525	2678.76	2170.77	1174.85	1753.50
20160526	2586.24	2112.21	1129.20	1716.50
20160527	2571.58	2098.52	1132.07	1725.50
20160528	2593.05	2108.41	1152.94	1730.50
20160531	2584.04	2090.61	1160.03	1731.50
20160601	2568.47	2073.02	1150.03	1704.00
20160602	2604.89	2086.05	1162.96	1708.00
20160603	2608.50	2090.23	1169.59	1714.50
20160604	2602.89	2063.39	1158.51	1730.00
20160607	2623.98	2085.56	1173.92	1734.50
20160608	2601.98	2079.74	1165.66	1709.50
20160609	2604.36	2094.06	1160.36	1741.50
20160610	2578.73	2049.29	1131.21	1747.00
20160611	2635.03	2063.76	1150.46	1801.50
20160615	2716.08	2086.84	1146.38	1831.00
20160616	2716.86	2074.73	1148.62	1845.00
20160617	2767.58	2083.62	1141.33	1875.00
20160618	2702.51	2055.55	1138.23	1827.50
20160621	2646.70	2010.94	1122.00	1787.50
20160622	2642.61	2034.36	1130.66	1791.00
20160623	2591.38	2009.60	1128.74	1761.50
20160624	2617.54	2016.27	1151.86	1788.00
20160625	2768.01	2056.23	1154.52	1900.50
20160628	2770.65	2072.86	1150.43	1851.00
20160629	2733.78	2039.92	1168.94	1830.50
20160630	2722.37	2041.13	1185.84	1881.00
20160701	2717.35	2071.54	1211.15	1894.00
20160702	2740.98	2126.10	1220.50	1980.00
20160705	2761.56	2160.11	1234.64	2084.50
20160706	2778.59	2184.03	1229.42	2038.50
20160707	2846.74	2225.45	1246.75	2122.50
20160708	2815.21	2236.35	1252.03	2054.00
20160709	2801.22	2224.70	1247.65	2036.50
20160712	2803.64	2256.12	1269.45	2112.50
20160713	2779.46	2259.98	1284.08	2090.50
20160714	2751.43	2241.79	1309.77	2082.50
20160715	2709.81	2209.62	1300.02	2069.50
20160716	2702.18	2225.92	1314.03	2045.00
20160719	2691.03	2201.69	1290.57	2001.00
20160720	2697.90	2207.41	1302.17	2024.00
20160721	2702.82	2208.18	1331.43	2008.50
20160722	2709.04	2227.48	1368.87	1981.50
20160723	2749.35	2273.12	1412.91	2046.50
20160726	2744.63	2237.45	1406.75	2025.50
20160727	2792.61	2297.50	1445.71	2080.00
20160728	2800.41	2321.66	1454.48	2075.50
20160729	2851.02	2442.27	1496.40	2169.00
20160730	2872.53	2431.68	1498.24	2160.00